백분위수,영유아성장도표시작Z값,영유아성장도표종료Z값
1,-2.32635,-2.05375
2,-2.05374,-1.8808
3,-1.88079,-1.75069
4,-1.75068,-1.64486
5,-1.64485,-1.55478
6,-1.55477,-1.4758
7,-1.47579,-1.40508
8,-1.40507,-1.34076
9,-1.34075,-1.28156
10,-1.28155,-1.22653
11,-1.22652,-1.17499
12,-1.17498,-1.1264
13,-1.12639,-1.08032
14,-1.08031,-1.03644
15,-1.03643,-0.99446
16,-0.99445,-0.95417
17,-0.95416,-0.91537
18,-0.91536,-0.8779
19,-0.87789,-0.84163
20,-0.84162,-0.80643
21,-0.80642,-0.7722
22,-0.77219,-0.73885
23,-0.73884,-0.70631
24,-0.7063,-0.67449
25,-0.67448,-0.64335
26,-0.64334,-0.61282
27,-0.61281,-0.58285
28,-0.58284,-0.55339
29,-0.55338,-0.52441
30,-0.5244,-0.49586
31,-0.49585,-0.4677
32,-0.46769,-0.43992
33,-0.43991,-0.41247
34,-0.41246,-0.38533
35,-0.38532,-0.35846
36,-0.35845,-0.33186
37,-0.33185,-0.30549
38,-0.30548,-0.27932
39,-0.27931,-0.25335
40,-0.25334,-0.22755
41,-0.22754,-0.2019
42,-0.20189,-0.17638
43,-0.17637,-0.15097
44,-0.15096,-0.12567
45,-0.12566,-0.10044
46,-0.10043,-0.07527
47,-0.07526,-0.05016
48,-0.05015,-0.02507
49,-0.02506,-0.00001
50,0,0.02506
51,0.02507,0.05015
52,0.05016,0.07526
53,0.07527,0.10043
54,0.10044,0.12566
55,0.12567,0.15096
56,0.15097,0.17637
57,0.17638,0.20189
58,0.2019,0.22754
59,0.22755,0.25334
60,0.25335,0.27931
61,0.27932,0.30548
62,0.30549,0.33185
63,0.33186,0.35845
64,0.35846,0.38532
65,0.38533,0.41246
66,0.41247,0.43991
67,0.43992,0.46769
68,0.4677,0.49585
69,0.49586,0.5244
70,0.52441,0.55338
71,0.55339,0.58284
72,0.58285,0.61281
73,0.61282,0.64334
74,0.64335,0.67448
75,0.67449,0.7063
76,0.70631,0.73884
77,0.73885,0.77219
78,0.7722,0.80642
79,0.80643,0.84162
80,0.84163,0.87789
81,0.8779,0.91536
82,0.91537,0.95416
83,0.95417,0.99445
84,0.99446,1.03643
85,1.03644,1.08031
86,1.08032,1.12639
87,1.1264,1.17498
88,1.17499,1.22652
89,1.22653,1.28155
90,1.28156,1.34075
91,1.34076,1.40507
92,1.40508,1.47579
93,1.4758,1.55477
94,1.55478,1.64485
95,1.64486,1.75068
96,1.75069,1.88079
97,1.8808,2.05374
98,2.05375,2.32634
99,2.32635,9.99999
